targetLab,resultLab,targetWeights,resultWeights,optimizer,numberOfEvaluations,mixingError,penalties,normalizer,initialGuessType
52.370344868584624;61.09238608164025;44.41743162254441,52.15680551018865;57.63263402586838;43.91819678198511,0.0;1.0;0.0;0.0;0.0;0.0;0.0;0.0;0.0;0.0;0.0,0.0;0.9828843514478667;0.14857669368378287;0.0;0.3336817630825972;0.0012775165542709649;0.0;7.111234514796333E-4;0.01200266022457067;0.0014249667347215255;0.0021554874024687478,CMAESOptimizerImpl,6106,DeltaE2000,SparsityPenalty,ProportionsNormalizer,Uniform
57.909728260333964;46.849916506627565;59.505940184520455,57.909728260333964;46.849916506627565;59.505940184520455,0.5;0.5;0.0;0.0;0.0;0.0;0.0;0.0;0.0;0.0;0.0,0.9392216158468796;0.8522178718884411;0.3979565083224887;0.00908870657628469;0.8393796559161353;0.0071403845747199;0.7569564417661284;0.0232031316971808;0.029843024000679758;0.010772210187673017;0.014555746410961364,CMAESOptimizerImpl,5666,DeltaE2000,SparsityPenalty,ProportionsNormalizer,Uniform
67.0607520782194;8.583268068731996;70.79009233501033,67.0607520782194;8.583268068731996;70.79009233501033,1.0;0.0;0.0;0.0;0.0;0.0;0.0;0.0;0.0;0.0;0.0,0.9698210141617907;0.00752568157654168;0.0016820875787153188;0.006737776276055921;0.008007386940170252;0.010259019178408236;0.00499835067123643;0.0076142966101550805;9.589437615277461E-4;0.004181243218593157;0.00565957189310899,CMAESOptimizerImpl,8141,DeltaE2000,SparsityPenalty,ProportionsNormalizer,Uniform
93.05467216824698;-13.52443756677374;88.24413337218287,93.05467216824698;-13.52443756677374;88.24413337218287,0.0;0.0;1.0;0.0;0.0;0.0;0.0;0.0;0.0;0.0;0.0,0.001470350696259455;0.0065555164667484254;0.8881424912045179;0.006263880740715525;0.09379331988117798;0.0030684162470939625;0.002222214835676355;0.007822522699275107;0.007412480124213294;0.0020074867645738194;0.003651581603243994,CMAESOptimizerImpl,6656,DeltaE2000,SparsityPenalty,ProportionsNormalizer,Uniform
80.59597981775288;-2.559264475533063;80.33186448246352,81.76814593029782;-0.5507578672975244;81.25454717715807,0.5;0.0;0.5;0.0;0.0;0.0;0.0;0.0;0.0;0.0;0.0,0.5362445878301785;1.4637442711930336E-4;0.894483469505881;0.0047991002270929475;0.0;0.004764509157955965;0.1686280733822766;0.006824838672612188;0.005714774816934627;0.010943382520535476;0.0,CMAESOptimizerImpl,10001,DeltaE2000,SparsityPenalty,ProportionsNormalizer,Uniform
67.0607520782194;8.583268068731996;70.79009233501033,67.0607520782194;8.583268068731996;70.79009233501033,1.0;0.0;0.0;0.0;0.0;0.0;0.0;0.0;0.0;0.0;0.0,0.886797993465067;0.0016380942306322803;0.0024079913812081466;0.008976976242841498;0.0024558169494604378;0.0032811871063051514;0.0058248608025150035;0.0054031624365217;0.001371823006090112;0.003588879074302202;0.007012154752793737,CMAESOptimizerImpl,7811,DeltaE2000,SparsityPenalty,ProportionsNormalizer,Uniform
32.112010421859175;55.57715769733368;-81.89570995877071,31.391757823822353;48.742736746875046;-73.1400102075056,0.0;0.0;0.0;1.0;0.0;0.0;0.0;0.0;0.0;0.0;0.0,0.011347145307782787;0.007299722498870932;0.007448307310992514;0.9902553119177677;0.2048877329347544;0.0033130929636301467;3.4125279989651687E-4;0.22200979980471383;0.5742955541336826;0.009810616419752628;0.005978743324284973,CMAESOptimizerImpl,6546,DeltaE2000,SparsityPenalty,ProportionsNormalizer,Uniform
47.01152815523787;-18.762749842305247;28.507176947058845,47.01152815523787;-18.762749842305247;28.507176947058845,0.5;0.0;0.0;0.5;0.0;0.0;0.0;0.0;0.0;0.0;0.0,0.006563713439322282;0.0048095273999087754;0.8652799953786403;0.8877549166968483;0.017427283246276893;0.8110114712664154;0.7312496047757536;0.00424816188989636;0.8441487025485498;0.030258021915894433;0.026908091538050093,CMAESOptimizerImpl,4841,DeltaE2000,SparsityPenalty,ProportionsNormalizer,Uniform
67.0607520782194;8.583268068731996;70.79009233501033,67.0607520782194;8.583268068731996;70.79009233501033,1.0;0.0;0.0;0.0;0.0;0.0;0.0;0.0;0.0;0.0;0.0,0.9678761663473654;0.006271375245614559;0.002693532343039613;0.005129825293026951;0.007572994162890635;0.00125713848998115;0.00183110855104576;1.3341816214059062E-5;0.004099277411726417;0.0016743308607141262;1.2915016924209231E-4,CMAESOptimizerImpl,10001,DeltaE2000,SparsityPenalty,ProportionsNormalizer,Uniform
40.362733626571746;54.79863856636899;33.349081115326264,40.71094123628362;49.233670286693645;29.89198920067515,0.0;0.0;0.0;0.0;1.0;0.0;0.0;0.0;0.0;0.0;0.0,0.0;0.34780981133070443;0.0;0.17131077060028452;0.9846887461481888;0.1698560517586803;3.5060164624888803E-4;0.0;0.005313383988564871;0.0016207137706644712;0.0,CMAESOptimizerImpl,6656,DeltaE2000,SparsityPenalty,ProportionsNormalizer,Uniform
50.790357605472934;46.30375329018277;53.655896721561916,50.790357605472934;46.30375329018277;53.655896721561916,0.5;0.0;0.0;0.0;0.5;0.0;0.0;0.0;0.0;0.0;0.0,0.0;0.7398952945468423;0.015288459839336216;0.02573443997894726;0.5522023763809196;0.9858049137029651;0.7281020985927416;0.0;0.010950376054468827;0.01227344935877344;0.015358586168561257,CMAESOptimizerImpl,4786,DeltaE2000,SparsityPenalty,ProportionsNormalizer,Uniform
67.0607520782194;8.583268068731996;70.79009233501033,67.0607520782194;8.583268068731996;70.79009233501033,1.0;0.0;0.0;0.0;0.0;0.0;0.0;0.0;0.0;0.0;0.0,0.937806889670867;0.0012218493420540603;0.008018150919386;0.0024345109774855855;0.009169477583979265;4.601322651183312E-4;5.482914618318464E-4;0.0020385710122576405;0.002765124101909877;0.00234216539356097;0.006497057875040922,CMAESOptimizerImpl,9901,DeltaE2000,SparsityPenalty,ProportionsNormalizer,Uniform
45.83013734686718;20.028389728642402;46.87686885739514,45.83013734686718;20.028389728642402;46.87686885739514,0.0;0.0;0.0;0.0;0.0;1.0;0.0;0.0;0.0;0.0;0.0,0.01712041712353043;0.009196208018729375;0.8177641821173421;0.005595586390196405;0.7228696536695846;0.9262143453846343;0.9035975941521001;0.018999522418310114;9.303603171672689E-4;0.8750753419551177;0.014065335999494574,CMAESOptimizerImpl,4676,DeltaE2000,SparsityPenalty,ProportionsNormalizer,Uniform
54.89458796140141;16.112618041368766;57.254529852189826,54.779173777701686;15.710553016018148;56.55524610719434,0.5;0.0;0.0;0.0;0.0;0.5;0.0;0.0;0.0;0.0;0.0,0.6974764211789015;0.6624010126856028;0.8314734423242881;0.03162619421219232;0.01131071339922557;0.025642354222786504;0.6609439023040041;0.03233911533301529;0.016861983642018557;0.7677056181363697;0.014338566307420468,CMAESOptimizerImpl,4951,DeltaE2000,SparsityPenalty,ProportionsNormalizer,Uniform
67.0607520782194;8.583268068731996;70.79009233501033,67.0607520782194;8.583268068731996;70.79009233501033,1.0;0.0;0.0;0.0;0.0;0.0;0.0;0.0;0.0;0.0;0.0,0.9546054241182734;0.005126816841502679;8.737584700887477E-4;0.009749199891450426;0.004523173602931022;0.005525254116302649;0.00450374752170392;0.00201743774511295;0.0018419810673567221;0.0012239713361424241;0.0013670648863832722,CMAESOptimizerImpl,9626,DeltaE2000,SparsityPenalty,ProportionsNormalizer,Uniform
67.64497183318726;41.34904304583387;74.38042449068686,67.64497183318726;41.34904304583387;74.38042449068686,0.0;0.0;0.0;0.0;0.0;0.0;1.0;0.0;0.0;0.0;0.0,0.007715584363101866;0.004201063601358684;0.007837511112365417;0.008831270858789018;0.005394712906247259;0.0030194325091124725;0.9676437460368131;0.0017314313084835036;0.008974200489665725;0.0023866895108456106;0.002699466186281368,CMAESOptimizerImpl,6876,DeltaE2000,SparsityPenalty,ProportionsNormalizer,Uniform
67.12890755038966;25.83968384063484;72.37860748612705,67.50889178729977;24.644559111097696;68.54999377223274,0.5;0.0;0.0;0.0;0.0;0.0;0.5;0.0;0.0;0.0;0.0,0.9240316027293639;0.4008326755695518;0.354378158248557;0.018484507983166146;0.005706043148533712;0.4013041808883256;0.9774291699878843;0.34756790324924086;0.014909094789030797;0.008094967297904532;0.00418311380764079,CMAESOptimizerImpl,6161,DeltaE2000,SparsityPenalty,ProportionsNormalizer,Uniform
67.0607520782194;8.583268068731996;70.79009233501033,68.18651870298959;8.611233657167539;68.02593249314334,1.0;0.0;0.0;0.0;0.0;0.0;0.0;0.0;0.0;0.0;0.0,0.7700539295948771;0.01050426114911014;0.9588618662786221;0.012960664288350824;0.004869563651881023;0.9345539577881568;0.31044316534085226;0.017261196402685634;0.002382580586343006;2.3377362153888096E-4;0.0021475134422830494,CMAESOptimizerImpl,5721,DeltaE2000,SparsityPenalty,ProportionsNormalizer,Uniform
100.0;0.00526049995830391;-0.010408184525267927,100.0;0.00526049995830391;-0.010408184525267927,0.0;0.0;0.0;0.0;0.0;0.0;0.0;1.0;0.0;0.0;0.0,0.003936216130779036;0.007242869670980976;0.005916859070198598;0.004056098737673559;0.004249235981097367;0.008351801833084193;0.0038314966078565335;0.9573210719722254;0.004446726591375743;0.00650951851126646;0.004192712882288404,CMAESOptimizerImpl,5941,DeltaE2000,SparsityPenalty,ProportionsNormalizer,Uniform
84.2189330883204;-3.6886657038223136;66.55231175720814,83.42475729731171;-4.030838008222015;66.44753296518353,0.5;0.0;0.0;0.0;0.0;0.0;0.0;0.5;0.0;0.0;0.0,0.4163793827035502;0.012637168769537854;0.7927765728404779;0.021234247600891445;0.005536984015040842;0.42663881384389374;0.00407311906750449;0.9306267655191407;0.016119990673332946;0.003804183577578406;0.007310613029584672,CMAESOptimizerImpl,6436,DeltaE2000,SparsityPenalty,ProportionsNormalizer,Uniform
67.0607520782194;8.583268068731996;70.79009233501033,67.0607520782194;8.583268068731996;70.79009233501033,1.0;0.0;0.0;0.0;0.0;0.0;0.0;0.0;0.0;0.0;0.0,0.8783879643515708;0.008066398392190458;0.0032496950549117144;0.004826120926212803;0.002533294353568186;0.005634811116704003;0.00792359728570851;0.001207736273852198;0.0066127905282255565;0.006295064060137325;4.943386797971192E-4,CMAESOptimizerImpl,8306,DeltaE2000,SparsityPenalty,ProportionsNormalizer,Uniform
16.24447400883688;44.35786734366931;-64.94072656183228,16.24447400883688;44.35786734366931;-64.94072656183228,0.0;0.0;0.0;0.0;0.0;0.0;0.0;0.0;1.0;0.0;0.0,0.006219129175415103;0.0044954923764787946;0.009299144589957214;0.008637987511929082;0.0013101841170451846;0.0032071866881291265;0.0034706205807765863;2.5155256756160486E-4;0.9317311008126912;0.007836023325868215;0.0010864351180294631,CMAESOptimizerImpl,8361,DeltaE2000,SparsityPenalty,ProportionsNormalizer,Uniform
34.89500100300083;-29.237271178155833;21.020668491511852,34.95003889712651;-28.776403834907207;20.520102982560918,0.5;0.0;0.0;0.0;0.0;0.0;0.0;0.0;0.5;0.0;0.0,0.033798907130002775;0.020787598825776805;0.7576800152780431;0.03532117636197085;0.010430591983911067;0.0373531013167194;0.7204159136673083;0.013253903096163519;0.5997048637478656;0.9873049247546779;0.7920119615534311,CMAESOptimizerImpl,5281,DeltaE2000,SparsityPenalty,ProportionsNormalizer,Uniform
67.0607520782194;8.583268068731996;70.79009233501033,67.0607520782194;8.583268068731996;70.79009233501033,1.0;0.0;0.0;0.0;0.0;0.0;0.0;0.0;0.0;0.0;0.0,0.9664784235623755;0.0035971853263551245;0.006568772563887604;0.0030023823857958333;0.0025050759168596657;0.002503683256292845;0.0031188120890237488;0.0011997034986351086;0.003733194022821181;0.001738447387575097;0.007781860433110377,CMAESOptimizerImpl,9241,DeltaE2000,SparsityPenalty,ProportionsNormalizer,Uniform
0.0;0.0;0.0,0.0;0.0;0.0,0.0;0.0;0.0;0.0;0.0;0.0;0.0;0.0;0.0;1.0;0.0,0.0018191336248874642;0.002458940635051374;0.0035988081989807973;0.008291774360983793;0.010188160332594683;0.004610451513188069;0.0011836122940077883;0.008178507491902357;7.476743443591092E-4;0.9964997735077329;0.0039776753106304675,CMAESOptimizerImpl,6986,DeltaE2000,SparsityPenalty,ProportionsNormalizer,Uniform
29.69689396469333;-9.584819049123366;36.47319673428681,30.150202053271627;-9.402536300509828;34.695605985632604,0.5;0.0;0.0;0.0;0.0;0.0;0.0;0.0;0.0;0.5;0.0,0.5973210555795646;0.0053263590875487835;0.0016399278409812536;0.006882661155635931;0.023037016808336988;0.0011745776198266366;0.6461079282095993;0.006524738039575904;0.01212027109651154;0.9729458797405439;0.26560707146971446,CMAESOptimizerImpl,5226,DeltaE2000,SparsityPenalty,ProportionsNormalizer,Uniform
67.0607520782194;8.583268068731996;70.79009233501033,67.0607520782194;8.583268068731996;70.79009233501033,1.0;0.0;0.0;0.0;0.0;0.0;0.0;0.0;0.0;0.0;0.0,0.9009623642254789;0.008044959108424787;0.005128389804405775;0.0026382454408433714;0.006719675395210035;0.007222319842627587;0.007375452619364686;0.0023058485898247174;2.7921561252752954E-4;8.138999278806997E-4;0.00269140661263769,CMAESOptimizerImpl,8416,DeltaE2000,SparsityPenalty,ProportionsNormalizer,Uniform
19.312936634389438;-0.41324827279839993;-24.88657164896193,19.86248721317221;-0.3642103810117814;-23.328991565819813,0.0;0.0;0.0;0.0;0.0;0.0;0.0;0.0;0.0;0.0;1.0,0.03140281332699957;0.03232022405373299;0.0020946982681785496;0.6305597386653402;0.004359314624230157;0.008661532242357769;0.5485993533492998;0.018979097372355883;0.9084153599974913;0.9341503962228196;0.8448097378162075,CMAESOptimizerImpl,6161,DeltaE2000,SparsityPenalty,ProportionsNormalizer,Uniform
38.44014086775276;-36.83892191059718;28.602265969157102,38.60750629122062;-35.415679480533754;27.78298727089149,0.5;0.0;0.0;0.0;0.0;0.0;0.0;0.0;0.0;0.0;0.5,0.941888460125344;0.00118514233455708;0.6978728412663189;0.0047393236837766466;0.03368590209913288;0.014697934479644814;0.023512026841447722;0.011758369528388879;0.49423747779100796;0.7467668066414401;0.9725370847078695,CMAESOptimizerImpl,5391,DeltaE2000,SparsityPenalty,ProportionsNormalizer,Uniform
67.0607520782194;8.583268068731996;70.79009233501033,67.27930362025378;8.091944843472533;65.3118772259709,1.0;0.0;0.0;0.0;0.0;0.0;0.0;0.0;0.0;0.0;0.0,0.9241546943796467;0.3655816217094117;0.9698356526296299;0.019801105621124186;0.0077270061420542475;0.009812423935336738;0.3739257184809716;0.36294626520131884;0.009747027977531771;0.3742624558775055;0.01141109327671538,CMAESOptimizerImpl,6436,DeltaE2000,SparsityPenalty,ProportionsNormalizer,Uniform
93.05467216824698;-13.52443756677374;88.24413337218287,93.05467216824698;-13.52443756677374;88.24413337218287,0.0;0.0;1.0;0.0;0.0;0.0;0.0;0.0;0.0;0.0;0.0,0.003496766992529845;0.007388797690911306;0.9421581253049557;0.0028165128097682383;9.255123103589734E-4;0.0038305012888419686;0.006054097863398264;0.0028328563588619895;0.002555347519978607;0.007592187606978149;0.008118518563665885,CMAESOptimizerImpl,6766,DeltaE2000,SparsityPenalty,ProportionsNormalizer,Uniform
68.06005955732883;37.59196679892424;58.51013582885819,67.79762134510645;36.84099528162948;57.72404814275962,0.0;0.5;0.5;0.0;0.0;0.0;0.0;0.0;0.0;0.0;0.0,0.01878541627480633;0.930960592376171;0.9329804755119712;0.008213464346959437;0.5318893161009707;0.028673946428880954;0.9595098865279101;0.7619985218582648;0.026507131852177693;0.005840131434472687;0.005908868733743041,CMAESOptimizerImpl,5446,DeltaE2000,SparsityPenalty,ProportionsNormalizer,Uniform
52.370344868584624;61.09238608164025;44.41743162254441,52.48645112854663;57.60530840636474;43.78928714086573,0.0;1.0;0.0;0.0;0.0;0.0;0.0;0.0;0.0;0.0;0.0,0.007387629796241668;0.9679605121238847;0.16214168109058646;0.007284482632656521;0.33461031198136826;0.0;0.01251969880525732;2.4897672215028937E-4;5.497390603545023E-4;0.0;0.0018682430343169298,CMAESOptimizerImpl,6821,DeltaE2000,SparsityPenalty,ProportionsNormalizer,Uniform
32.112010421859175;55.57715769733368;-81.89570995877071,30.95491436949367;47.94606973927246;-73.28346520793998,0.0;0.0;0.0;1.0;0.0;0.0;0.0;0.0;0.0;0.0;0.0,0.0014305637566413886;0.0014223711028363629;0.006794164715530807;0.967201800922289;0.24305643045738257;0.005620766994612477;0.007758635692518421;0.28767276597030245;0.8826443263475724;0.0161368148022058;0.0013376840434916036,CMAESOptimizerImpl,7481,DeltaE2000,SparsityPenalty,ProportionsNormalizer,Uniform
35.47300283750205;35.85358913728548;-13.068481539473442,35.47300283750205;35.85358913728548;-13.068481539473442,0.0;0.5;0.0;0.5;0.0;0.0;0.0;0.0;0.0;0.0;0.0,0.007364569692259639;0.42360731553470937;0.01855432461685843;0.011854399929690805;0.9634436589635871;0.027469429555954984;0.02893574797153075;0.6262327846488929;0.7113087341218132;0.3631482172884553;0.0033124264827048694,CMAESOptimizerImpl,4786,DeltaE2000,SparsityPenalty,ProportionsNormalizer,Uniform
52.370344868584624;61.09238608164025;44.41743162254441,52.95383543873501;55.87565867988798;41.559395890738614,0.0;1.0;0.0;0.0;0.0;0.0;0.0;0.0;0.0;0.0;0.0,7.327872599522706E-4;0.900134681587925;0.018358933550610163;0.007041922957435626;0.8489124925947873;0.0033856954607000955;0.31975085040657025;0.2395166401179284;0.003547159237221123;0.011501358743162193;0.008651390471917144,CMAESOptimizerImpl,6601,DeltaE2000,SparsityPenalty,ProportionsNormalizer,Uniform
40.362733626571746;54.79863856636899;33.349081115326264,41.04148432237855;49.16862727844817;30.326626266137357,0.0;0.0;0.0;0.0;1.0;0.0;0.0;0.0;0.0;0.0;0.0,1.7866209608497288E-5;0.38693140295903045;0.00473673058551124;0.1730535846364957;0.9172210146239851;0.17065643619102877;0.013282858377359276;8.171738663676625E-7;0.008782940956264652;0.0029957099295070365;0.005716077225706252,CMAESOptimizerImpl,7591,DeltaE2000,SparsityPenalty,ProportionsNormalizer,Uniform
46.241725936981304;58.00858901396288;39.31689725793235,46.241725936981304;58.00858901396288;39.31689725793235,0.0;0.5;0.0;0.0;0.5;0.0;0.0;0.0;0.0;0.0;0.0,0.011002373290482254;0.9717847651509405;0.012266332675291189;0.009802775352826233;0.9480938808262802;0.0019611211070007855;0.007779132646099948;0.003808321517186832;0.005504570751265227;0.013572776609682403;0.002730081467919057,CMAESOptimizerImpl,4346,DeltaE2000,SparsityPenalty,ProportionsNormalizer,Uniform
52.370344868584624;61.09238608164025;44.41743162254441,52.370344868584624;61.09238608164025;44.41743162254441,0.0;1.0;0.0;0.0;0.0;0.0;0.0;0.0;0.0;0.0;0.0,0.006619804125599604;0.9833493848040488;4.0332572410915204E-4;0.007504132248359816;0.0029714689560471313;0.008373263156656952;0.00127304500714036;0.007129628143340285;0.005623652161827993;6.339538352501822E-4;0.008271574222917336,CMAESOptimizerImpl,8801,DeltaE2000,SparsityPenalty,ProportionsNormalizer,Uniform
45.83013734686718;20.028389728642402;46.87686885739514,46.067088814471184;19.427740794441927;47.464266666457554,0.0;0.0;0.0;0.0;0.0;1.0;0.0;0.0;0.0;0.0;0.0,0.030570225497228612;0.030919330604188007;0.6973955739309795;0.0;0.611906275212887;0.6145980865932457;0.8189659375893292;0.0;0.010379504176163061;0.7501824884387556;0.035948616643008885,CMAESOptimizerImpl,5391,DeltaE2000,SparsityPenalty,ProportionsNormalizer,Uniform
49.15855965963554;44.480256213932144;48.423845380314376,49.12610304489964;45.234691566531595;49.777452676049286,0.0;0.5;0.0;0.0;0.0;0.5;0.0;0.0;0.0;0.0;0.0,0.6209387727336434;0.6818595913851552;0.011208708057285466;0.023169026313632147;0.8104479200667106;0.8597852691346913;0.027967462012631797;0.006488376014646437;0.01854763187490717;0.017096736557040967;0.005680722653173124,CMAESOptimizerImpl,4181,DeltaE2000,SparsityPenalty,ProportionsNormalizer,Uniform
52.370344868584624;61.09238608164025;44.41743162254441,52.370344868584624;61.09238608164025;44.41743162254441,0.0;1.0;0.0;0.0;0.0;0.0;0.0;0.0;0.0;0.0;0.0,0.002296071518779458;0.9822654344451637;0.0022953290579483874;0.00705217631581396;0.007655743966059528;0.007334114343402726;8.753370993571575E-4;0.003392747349859595;7.597894490905994E-4;0.0037056591760056693;0.0019449246891213659,CMAESOptimizerImpl,9296,DeltaE2000,SparsityPenalty,ProportionsNormalizer,Uniform
67.64497183318726;41.34904304583387;74.38042449068686,66.47806072891309;36.02321278274867;65.90174123239579,0.0;0.0;0.0;0.0;0.0;0.0;1.0;0.0;0.0;0.0;0.0,0.8467198423577676;0.8039678140086927;0.0;0.005055585272204048;0.02678870413570813;0.010487108659111342;0.997693965951597;0.46681207844094896;0.024408946552140064;0.00405739593624204;0.02157623282936292,CMAESOptimizerImpl,4621,DeltaE2000,SparsityPenalty,ProportionsNormalizer,Uniform
59.11252724445383;56.87624645772005;62.976693676819906,59.11252724445383;56.87624645772005;62.976693676819906,0.0;0.5;0.0;0.0;0.0;0.0;0.5;0.0;0.0;0.0;0.0,0.01796105084640327;0.8784249229206694;0.001823149214480933;0.011600106120894627;0.011389306473190784;0.013507828421032266;0.8743206258188352;0.011404477360029157;0.0025538468967677593;0.01240648056940907;0.004384891648329576,CMAESOptimizerImpl,5061,DeltaE2000,SparsityPenalty,ProportionsNormalizer,Uniform
52.370344868584624;61.09238608164025;44.41743162254441,51.980004196295084;57.30717793189155;43.678055763897085,0.0;1.0;0.0;0.0;0.0;0.0;0.0;0.0;0.0;0.0;0.0,0.004185048020723641;0.925056698918687;0.16132527991413928;0.010620703629974441;0.3865438928665631;0.009964734758891543;0.0014638034705807745;0.0047192643282467275;1.9847531968538145E-4;0.011362123125253747;0.0014796639458750775,CMAESOptimizerImpl,6106,DeltaE2000,SparsityPenalty,ProportionsNormalizer,Uniform
100.0;0.00526049995830391;-0.010408184525267927,100.0;0.00526049995830391;-0.010408184525267927,0.0;0.0;0.0;0.0;0.0;0.0;0.0;1.0;0.0;0.0;0.0,0.00713002421935054;0.007972408261601229;0.0013074856598548953;0.004059339658653439;0.008771867338747224;0.009100580376213203;0.006191154546115954;0.9183575365438679;7.173414398328981E-4;0.005316337366781987;0.006748735103866285,CMAESOptimizerImpl,6491,DeltaE2000,SparsityPenalty,ProportionsNormalizer,Uniform
70.49870231024887;38.15231933239699;18.389056128981608,70.49870231024887;38.15231933239699;18.389056128981608,0.0;0.5;0.0;0.0;0.0;0.0;0.0;0.5;0.0;0.0;0.0,0.01033046857982524;0.909856498019247;3.285700530007013E-4;0.0010861468661961977;0.006417568137948664;0.004984129912455884;0.005544439682380798;0.9095067547739852;0.006322184668227135;0.004045755645630393;0.0031413946761717293,CMAESOptimizerImpl,5336,DeltaE2000,SparsityPenalty,ProportionsNormalizer,Uniform
52.370344868584624;61.09238608164025;44.41743162254441,52.370344868584624;61.09238608164025;44.41743162254441,0.0;1.0;0.0;0.0;0.0;0.0;0.0;0.0;0.0;0.0;0.0,0.009733347154403476;0.9697179575863738;0.004783770458282788;0.0028171788144063827;0.0022923022550394275;0.0034925856837924522;0.0016830400996650095;0.08535075440568356;0.00979884753421522;0.0032050815812681628;0.006469119521934453,CMAESOptimizerImpl,7096,DeltaE2000,SparsityPenalty,ProportionsNormalizer,Uniform
16.24447400883688;44.35786734366931;-64.94072656183228,16.24447400883688;44.35786734366931;-64.94072656183228,0.0;0.0;0.0;0.0;0.0;0.0;0.0;0.0;1.0;0.0;0.0,0.004353085475711343;0.008752157671538962;0.0032076589702167;0.00550001466661025;0.0066614080886755744;0.0019326519838281603;0.0061489585397532555;4.3500450411268216E-4;0.954396825794014;0.0019026583211266105;0.0043607806126006645,CMAESOptimizerImpl,8251,DeltaE2000,SparsityPenalty,ProportionsNormalizer,Uniform
24.871219337436393;22.491122653072736;-19.71128423647841,24.13761151825838;22.92427566627436;-19.54951843283649,0.0;0.5;0.0;0.0;0.0;0.0;0.0;0.0;0.5;0.0;0.0,0.02181646912247689;0.920565651856983;0.0037941041539787225;0.017144688476832787;0.6818820559137453;5.031919104370539E-4;0.010093686685604498;0.011157742972630962;0.8669414091172944;0.019532852997949844;0.7023818246917821,CMAESOptimizerImpl,6436,DeltaE2000,SparsityPenalty,ProportionsNormalizer,Uniform
52.370344868584624;61.09238608164025;44.41743162254441,52.965081382051125;55.91751605933165;41.028471745585,0.0;1.0;0.0;0.0;0.0;0.0;0.0;0.0;0.0;0.0;0.0,0.01138334668805095;0.9352709641436426;0.016345548870030303;0.013985047801159568;0.7470543526684649;6.369551453860476E-4;0.27454383444257024;0.22689982814156132;0.007805872407378749;0.011816387303648907;0.019605349107634285,CMAESOptimizerImpl,5776,DeltaE2000,SparsityPenalty,ProportionsNormalizer,Uniform
0.0;0.0;0.0,0.0;0.0;0.0,0.0;0.0;0.0;0.0;0.0;0.0;0.0;0.0;0.0;1.0;0.0,0.003486987217059823;1.920781274682079E-4;0.0017514154007935248;0.00809432002294809;0.0013386326852213915;0.003738370373285911;0.004109216147816514;0.006536212918853637;0.004139363418176472;0.973135995623874;0.002434568132171547,CMAESOptimizerImpl,7316,DeltaE2000,SparsityPenalty,ProportionsNormalizer,Uniform
25.101149452417104;28.038524474060132;26.08830461938309,24.265925380993004;29.892230793235193;28.106225353636017,0.0;0.5;0.0;0.0;0.0;0.0;0.0;0.0;0.0;0.5;0.0,0.019850645508377972;0.004136931283632582;0.013610732220055245;0.004311376566720964;0.8984940271776413;0.40444421163018274;3.789456393589819E-4;0.0;0.0;0.8639509343127648;0.0,CMAESOptimizerImpl,5831,DeltaE2000,SparsityPenalty,ProportionsNormalizer,Uniform
52.370344868584624;61.09238608164025;44.41743162254441,52.370344868584624;61.09238608164025;44.41743162254441,0.0;1.0;0.0;0.0;0.0;0.0;0.0;0.0;0.0;0.0;0.0,2.7079365949400007E-4;0.881036844259137;0.0036999118036174184;0.0043940458644113455;0.006481507942160019;0.008686250525796494;0.008731099812851757;0.00451566985633309;0.004914788358281614;0.004476640954155584;0.005644924367573337,CMAESOptimizerImpl,6821,DeltaE2000,SparsityPenalty,ProportionsNormalizer,Uniform
19.312936634389438;-0.41324827279839993;-24.88657164896193,19.86248721317221;-0.3642103810117814;-23.328991565819813,0.0;0.0;0.0;0.0;0.0;0.0;0.0;0.0;0.0;0.0;1.0,8.5751445803685E-5;4.7942799335711894E-4;0.012869243243375489;0.24915064639476112;0.0017331707547515647;0.321734532262137;0.01344540055538605;0.004402077270759214;0.0037315915208814094;0.43306464397591105;0.9701412431111285,CMAESOptimizerImpl,4566,DeltaE2000,SparsityPenalty,ProportionsNormalizer,Uniform
28.6701043239257;9.366350178130562;-6.0227470626575075,28.6701043239257;9.366350178130562;-6.0227470626575075,0.0;0.5;0.0;0.0;0.0;0.0;0.0;0.0;0.0;0.0;0.5,0.0;0.7210086018126303;0.013602404893445557;0.37518290444502633;0.0;0.7120390579460187;0.0021953424398596178;0.0;0.9584587493165692;0.0;0.0,CMAESOptimizerImpl,5391,DeltaE2000,SparsityPenalty,ProportionsNormalizer,Uniform
52.370344868584624;61.09238608164025;44.41743162254441,51.42128549356532;55.59732645646703;42.87340402083038,0.0;1.0;0.0;0.0;0.0;0.0;0.0;0.0;0.0;0.0;0.0,0.00417561277065782;0.8801554638232342;0.31677976892656984;0.001307583400065213;0.8348423642836313;0.015251068189714324;0.007584418840103689;0.001660369698356405;0.016454653418555166;0.014552991347467771;0.0036802002615355994,CMAESOptimizerImpl,6161,DeltaE2000,SparsityPenalty,ProportionsNormalizer,Uniform
32.112010421859175;55.57715769733368;-81.89570995877071,31.87541073710222;47.12766950446762;-72.93680238440312,0.0;0.0;0.0;1.0;0.0;0.0;0.0;0.0;0.0;0.0;0.0,0.0017602678537054104;0.010945596088669837;0.015683142361183375;0.9973491486762524;0.259111705891518;0.0067871841001947725;0.016473566216967554;0.3439742897045477;0.9082025317146952;0.012801332758946425;0.012165627017141922,CMAESOptimizerImpl,5996,DeltaE2000,SparsityPenalty,ProportionsNormalizer,Uniform
63.3321841037512;-29.17876768570532;30.67726710144447,63.3321841037512;-29.17876768570532;30.67726710144447,0.0;0.0;0.5;0.5;0.0;0.0;0.0;0.0;0.0;0.0;0.0,0.016473038161156642;0.0013743396217836563;0.5201628671533038;0.008240157355973792;0.0034618351609422837;0.012946905534459825;0.849740473788106;0.9727006507067226;0.8846356301200007;0.02199777625728864;0.3792406451610346,CMAESOptimizerImpl,6601,DeltaE2000,SparsityPenalty,ProportionsNormalizer,Uniform
93.05467216824698;-13.52443756677374;88.24413337218287,93.05467216824698;-13.52443756677374;88.24413337218287,0.0;0.0;1.0;0.0;0.0;0.0;0.0;0.0;0.0;0.0;0.0,9.894102873706401E-4;0.0021387706754546964;0.9630618321554416;0.0025324102753541485;4.777346033165851E-4;0.0035780988445702957;0.0013379766867926777;0.007631697036299444;0.009117508424352558;0.009300577066814562;0.001019194515459234,CMAESOptimizerImpl,7426,DeltaE2000,SparsityPenalty,ProportionsNormalizer,Uniform
40.362733626571746;54.79863856636899;33.349081115326264,40.71094123628362;49.233670286693645;29.89198920067515,0.0;0.0;0.0;0.0;1.0;0.0;0.0;0.0;0.0;0.0;0.0,0.0;0.36902220827996357;0.006374905960768908;0.175238895343591;0.9812570257650491;0.17396704276667246;0.01032351122524229;0.004570442756118009;0.0038156699704582973;0.002589042704786326;9.0119372738213E-4,CMAESOptimizerImpl,6876,DeltaE2000,SparsityPenalty,ProportionsNormalizer,Uniform
61.08830616024795;38.56320162512122;50.95596837486652,62.39984449689237;36.79884767929409;52.39019643116837,0.0;0.0;0.5;0.0;0.5;0.0;0.0;0.0;0.0;0.0;0.0,0.7089912427825981;0.9830633767173718;0.2558813381626032;0.013995211969215654;0.6836850051444003;0.5528326926295098;0.7760240846194085;0.9168716025235015;0.018569138754943045;0.03253731792185862;0.035274397005405966,CMAESOptimizerImpl,3741,DeltaE2000,SparsityPenalty,ProportionsNormalizer,Uniform
93.05467216824698;-13.52443756677374;88.24413337218287,93.05467216824698;-13.52443756677374;88.24413337218287,0.0;0.0;1.0;0.0;0.0;0.0;0.0;0.0;0.0;0.0;0.0,0.006648164861998427;0.0015325159217892982;0.9848630692929482;0.0014013221589148385;0.009420513883437301;0.005417996878156738;0.0013657702455977408;0.009566732687605828;0.0041688023742977205;0.0037007881005964825;0.0062208435274337896,CMAESOptimizerImpl,6601,DeltaE2000,SparsityPenalty,ProportionsNormalizer,Uniform
45.83013734686718;20.028389728642402;46.87686885739514,45.68101789086945;20.79940179722639;49.89867493422525,0.0;0.0;0.0;0.0;0.0;1.0;0.0;0.0;0.0;0.0;0.0,0.6553187728572109;0.48618529834004187;0.0011919635808793957;0.019276531297494064;0.023503331787189795;0.9265668645418949;0.7836684960353091;0.024001784702454947;0.02955931014622403;0.5967693079085081;0.020414428695221094,CMAESOptimizerImpl,4676,DeltaE2000,SparsityPenalty,ProportionsNormalizer,Uniform
68.72683277606131;4.631708672008738;64.41304914350339,68.74182154345966;4.7327609576178205;63.45099394622557,0.0;0.0;0.5;0.0;0.0;0.5;0.0;0.0;0.0;0.0;0.0,0.8647849907959703;0.3740897067106845;0.9676374872533929;0.35542862848684564;0.0050906497647978735;0.021176898288218417;0.5104860186393911;0.36208165727465147;0.005089964032406516;0.031791543394890626;0.024116735389233264,CMAESOptimizerImpl,7426,DeltaE2000,SparsityPenalty,ProportionsNormalizer,Uniform
93.05467216824698;-13.52443756677374;88.24413337218287,93.05467216824698;-13.52443756677374;88.24413337218287,0.0;0.0;1.0;0.0;0.0;0.0;0.0;0.0;0.0;0.0;0.0,0.006018620088998778;0.002923695718596138;0.955308807884469;0.0023109877024259868;0.0036601579431015975;0.0018036043653977796;0.008413286976402132;8.218538651635194E-4;0.00509691906234106;6.297392717229998E-4;0.00241683253380798,CMAESOptimizerImpl,6326,DeltaE2000,SparsityPenalty,ProportionsNormalizer,Uniform
67.64497183318726;41.34904304583387;74.38042449068686,67.64497183318726;41.34904304583387;74.38042449068686,0.0;0.0;0.0;0.0;0.0;0.0;1.0;0.0;0.0;0.0;0.0,0.0045039886041946635;0.005289013000050123;0.009970735538899581;0.006384761652609795;0.005381949761345887;3.207641123038206E-4;0.99910666104968;0.004797144634047339;5.421534612397163E-4;0.004208926945939218;0.0013897576654462273,CMAESOptimizerImpl,9791,DeltaE2000,SparsityPenalty,ProportionsNormalizer,Uniform
79.37159260360065;14.148354067695212;80.32762564204872,79.37159260360065;14.148354067695212;80.32762564204872,0.0;0.0;0.5;0.0;0.0;0.0;0.5;0.0;0.0;0.0;0.0,0.006692375145282852;0.01564574277734717;0.899404528287383;5.2216651684073787E-5;0.010576466138495885;0.015166449622717399;0.9013841338324086;0.010641720430341685;0.009620170356759992;0.0026957724389320005;0.010194363504812173,CMAESOptimizerImpl,8196,DeltaE2000,SparsityPenalty,ProportionsNormalizer,Uniform
93.05467216824698;-13.52443756677374;88.24413337218287,93.05467216824698;-13.52443756677374;88.24413337218287,0.0;0.0;1.0;0.0;0.0;0.0;0.0;0.0;0.0;0.0;0.0,4.6561781057019407E-4;0.004319226883172921;0.8982317704937848;0.006582836748956959;0.00876980543337218;0.001378449252190024;0.0032376701991325765;0.004043808361698692;0.009307703359946103;0.005488590394211972;0.0027795299276423308,CMAESOptimizerImpl,10001,DeltaE2000,SparsityPenalty,ProportionsNormalizer,Uniform
100.0;0.00526049995830391;-0.010408184525267927,100.0;0.00526049995830391;-0.010408184525267927,0.0;0.0;0.0;0.0;0.0;0.0;0.0;1.0;0.0;0.0;0.0,0.001059062170285713;0.006137045142133061;6.990976648582866E-4;0.002959560008864371;0.005958456063930929;0.005472096373238937;4.7570759488625724E-4;0.970993993866523;0.007089833075323995;0.005826317735344628;5.584349895932402E-4,CMAESOptimizerImpl,5226,DeltaE2000,SparsityPenalty,ProportionsNormalizer,Uniform
95.57892949830014;-13.751606889197687;63.68182199868655,95.57892949830014;-13.751606889197687;63.68182199868655,0.0;0.0;0.5;0.0;0.0;0.0;0.0;0.5;0.0;0.0;0.0,0.019293103352980078;0.007799120173199828;0.9937419537032863;0.01263787092824652;0.009985885170527689;0.004459421994324244;0.005310166728088574;0.9884827532794814;0.008776739864866694;0.012447701465098635;0.014781683291390728,CMAESOptimizerImpl,6986,DeltaE2000,SparsityPenalty,ProportionsNormalizer,Uniform
93.05467216824698;-13.52443756677374;88.24413337218287,93.05467216824698;-13.52443756677374;88.24413337218287,0.0;0.0;1.0;0.0;0.0;0.0;0.0;0.0;0.0;0.0;0.0,0.006970375765517344;0.0011418421723190832;0.9803181097838405;6.455018591108258E-4;0.0076075891400262125;0.005743110097966388;0.0047802410616741686;0.0036642634485479584;0.002464776806137876;0.004189172139083781;0.005449573639813364,CMAESOptimizerImpl,6821,DeltaE2000,SparsityPenalty,ProportionsNormalizer,Uniform
16.24447400883688;44.35786734366931;-64.94072656183228,17.00761640577656;41.215693112707676;-61.13451344818507,0.0;0.0;0.0;0.0;0.0;0.0;0.0;0.0;1.0;0.0;0.0,0.009772758193278426;0.0033674355671906714;0.016970833152678118;0.5206488060643252;0.25308250126513276;0.018457925023071975;0.00910321412862046;0.010527017741838618;0.9178565889709671;0.5257942832457523;0.0010579345805352943,CMAESOptimizerImpl,6656,DeltaE2000,SparsityPenalty,ProportionsNormalizer,Uniform
54.57037079977823;-40.239668742041324;26.33894831144653,54.423268648532826;-38.51958221533336;26.18312090748749,0.0;0.0;0.5;0.0;0.0;0.0;0.0;0.0;0.5;0.0;0.0,0.8228247804702482;0.008436764099714384;0.829558326931405;0.45520219002372536;0.0029517829451706458;0.02067662871357596;0.013916902547238156;0.449631369651335;0.9844781192945291;0.011820057642243354;0.7976317482663033,CMAESOptimizerImpl,5831,DeltaE2000,SparsityPenalty,ProportionsNormalizer,Uniform
93.05467216824698;-13.52443756677374;88.24413337218287,93.05467216824698;-13.52443756677374;88.24413337218287,0.0;0.0;1.0;0.0;0.0;0.0;0.0;0.0;0.0;0.0;0.0,0.0010040027479316209;0.006789530086476226;0.9584635633524538;0.0019371693000604603;0.00763725672592819;0.003607049459080517;0.0015647170183725346;0.0013528487596233532;0.003479305765857966;0.003165018443810239;0.008221575603447258,CMAESOptimizerImpl,7426,DeltaE2000,SparsityPenalty,ProportionsNormalizer,Uniform
0.0;0.0;0.0,0.0;0.0;0.0,0.0;0.0;0.0;0.0;0.0;0.0;0.0;0.0;0.0;1.0;0.0,0.002972732389807499;0.004098287759265885;0.0021728761793454216;0.005772163139306232;0.0053014121809197715;0.004118782397751922;0.005218803250326814;0.0017331290676006516;0.0022345596607782877;0.9051701291922486;0.0013678361708042953,CMAESOptimizerImpl,5611,DeltaE2000,SparsityPenalty,ProportionsNormalizer,Uniform
47.51573576637877;-21.523491933675643;44.800938456399244,47.51573576637877;-21.523491933675643;44.800938456399244,0.0;0.0;0.5;0.0;0.0;0.0;0.0;0.0;0.0;0.5;0.0,0.9139987055383872;0.019695443665446326;0.6459049394864571;0.013128781543796111;0.013287077406671673;0.022251770116264134;0.78436581501208;0.008479708685252517;0.7035909894508565;0.483589422129805;0.009535048124673332,CMAESOptimizerImpl,4291,DeltaE2000,SparsityPenalty,ProportionsNormalizer,Uniform
93.05467216824698;-13.52443756677374;88.24413337218287,93.05467216824698;-13.52443756677374;88.24413337218287,0.0;0.0;1.0;0.0;0.0;0.0;0.0;0.0;0.0;0.0;0.0,0.0018399515541109917;0.004254844276641648;0.9749378834862186;0.007007461937440431;0.00426579128529812;0.001043257989686949;0.001103693229653967;0.008766162651807788;0.002166319297504668;0.004628347748879533;1.7491520023889956E-4,CMAESOptimizerImpl,5996,DeltaE2000,SparsityPenalty,ProportionsNormalizer,Uniform
19.312936634389438;-0.41324827279839993;-24.88657164896193,20.011663284427932;0.3055652997995262;-23.08314147839835,0.0;0.0;0.0;0.0;0.0;0.0;0.0;0.0;0.0;0.0;1.0,0.02466917713650241;0.004870401618854531;0.012342827749641367;0.3114970171655373;0.016606045260321133;0.6096512401450427;0.021492992845083173;0.014644041162615192;0.6100843665032661;0.48014206659077047;0.973561729760382,CMAESOptimizerImpl,6381,DeltaE2000,SparsityPenalty,ProportionsNormalizer,Uniform
59.78568277248836;-49.76875426324007;37.48768618215279,60.02101941058763;-44.948906364512986;36.3998848103272,0.0;0.0;0.5;0.0;0.0;0.0;0.0;0.0;0.0;0.0;0.5,0.6345525933710976;0.0016939839708747595;0.6283115973834704;0.010692842893920527;0.018025553337422572;0.01799836348351684;0.014698859520727225;0.4365748297562304;0.48358598760514454;0.024373532744811986;0.9757141728300851,CMAESOptimizerImpl,8636,DeltaE2000,SparsityPenalty,ProportionsNormalizer,Uniform
93.05467216824698;-13.52443756677374;88.24413337218287,93.05467216824698;-13.52443756677374;88.24413337218287,0.0;0.0;1.0;0.0;0.0;0.0;0.0;0.0;0.0;0.0;0.0,0.003611744969321021;0.005086308863670603;0.971654049605452;0.0064425089579895085;0.007599683807127138;0.005901236671354778;0.009148197287250618;0.010244165117933295;0.004428759195006157;0.006185850785164275;0.0034327542603864282,CMAESOptimizerImpl,7151,DeltaE2000,SparsityPenalty,ProportionsNormalizer,Uniform
40.362733626571746;54.79863856636899;33.349081115326264,40.71094123628362;49.233670286693645;29.89198920067515,0.0;0.0;0.0;0.0;1.0;0.0;0.0;0.0;0.0;0.0;0.0,0.0;0.3590737763683711;0.0050176436500804595;0.17293944597358796;1.0;0.17263106677942747;0.0;2.2247539680107808E-4;0.0;0.008901810690315459;0.0,CMAESOptimizerImpl,5611,DeltaE2000,SparsityPenalty,ProportionsNormalizer,Uniform
29.73953279288022;46.747709766412875;-29.09608102320025,29.73953279288022;46.747709766412875;-29.09608102320025,0.0;0.0;0.0;0.5;0.5;0.0;0.0;0.0;0.0;0.0;0.0,0.012828704257708304;0.00669483570659503;0.009070156440762095;0.9502396029340383;0.9466943773322102;0.009507363906964921;0.014493208832830888;0.017041235808030988;0.009546555649480582;0.013887701134734353;0.007730505956321266,CMAESOptimizerImpl,5666,DeltaE2000,SparsityPenalty,ProportionsNormalizer,Uniform
32.112010421859175;55.57715769733368;-81.89570995877071,31.824067906870425;48.72249276063237;-73.01009636015755,0.0;0.0;0.0;1.0;0.0;0.0;0.0;0.0;0.0;0.0;0.0,0.01419126247660826;0.0;0.010658712188555056;0.9369289368640522;0.1835487075310955;0.0;0.010544217653011986;0.19695909330088635;0.47535224869976606;0.0;0.003357186343346446,CMAESOptimizerImpl,7976,DeltaE2000,SparsityPenalty,ProportionsNormalizer,Uniform
45.83013734686718;20.028389728642402;46.87686885739514,45.83013734686718;20.028389728642402;46.87686885739514,0.0;0.0;0.0;0.0;0.0;1.0;0.0;0.0;0.0;0.0;0.0,0.021369652718013853;0.004461302120034333;0.838848578021706;0.013779520285403236;0.7588740345635137;0.8080155165053593;0.9385020587044507;0.011240253887454798;0.0071007171837078175;0.8764323772078847;0.02810723499656739,CMAESOptimizerImpl,6216,DeltaE2000,SparsityPenalty,ProportionsNormalizer,Uniform
36.392129300683614;4.55473386123792;2.9753491262357823,36.563849503059345;5.91828645865497;-2.422459721114689,0.0;0.0;0.0;0.5;0.0;0.5;0.0;0.0;0.0;0.0;0.0,0.009272622310737623;0.8691639535959338;0.022842479910203075;0.39972638761300544;0.030979936082840984;0.9370514416140391;0.0059749369152546725;0.8892382979961908;0.758616449840133;0.8518942237947821;0.6065386453959232,CMAESOptimizerImpl,4566,DeltaE2000,SparsityPenalty,ProportionsNormalizer,Uniform
32.112010421859175;55.57715769733368;-81.89570995877071,31.845084026344246;47.759859170898366;-72.38969265164621,0.0;0.0;0.0;1.0;0.0;0.0;0.0;0.0;0.0;0.0;0.0,0.012900312234460419;0.013660163462917254;0.003772321712801098;0.9507197062516382;0.22560848772210773;0.007681779147009045;0.010469105023470305;0.27022695599273316;0.6745892702173025;0.007801460476145102;0.005509199103040124,CMAESOptimizerImpl,6161,DeltaE2000,SparsityPenalty,ProportionsNormalizer,Uniform
67.64497183318726;41.34904304583387;74.38042449068686,67.64497183318726;41.34904304583387;74.38042449068686,0.0;0.0;0.0;0.0;0.0;0.0;1.0;0.0;0.0;0.0;0.0,3.9813573609916706E-4;0.002383584961884893;8.870788031268319E-4;0.008715108745031659;2.3287010575256045E-4;0.0014129229176326691;0.9581926237799288;0.002325528455938636;1.9684529853239777E-4;0.004735451667665916;0.007724619078678366,CMAESOptimizerImpl,10001,DeltaE2000,SparsityPenalty,ProportionsNormalizer,Uniform
45.092576429541424;-5.28143206956061;28.662270190833404,45.092576429541424;-5.28143206956061;28.662270190833404,0.0;0.0;0.0;0.5;0.0;0.0;0.5;0.0;0.0;0.0;0.0,0.810161574195209;0.8582561978516625;0.7067993417403086;0.8263340241057273;0.026088335632569314;0.7425317356424732;0.01807710021682952;0.020173745727112787;0.8267162676870891;0.017012681571613793;0.013724845195573026,CMAESOptimizerImpl,4401,DeltaE2000,SparsityPenalty,ProportionsNormalizer,Uniform
32.112010421859175;55.57715769733368;-81.89570995877071,31.21332803549989;47.49140354483483;-72.85467502074259,0.0;0.0;0.0;1.0;0.0;0.0;0.0;0.0;0.0;0.0;0.0,0.010514858194100841;0.0;0.008264589849995884;0.9937306540752672;0.2572173110696837;0.015107966356017754;0.0;0.30817323119784606;0.900139786156369;0.01767925662045866;0.0,CMAESOptimizerImpl,6161,DeltaE2000,SparsityPenalty,ProportionsNormalizer,Uniform
100.0;0.00526049995830391;-0.010408184525267927,100.0;0.00526049995830391;-0.010408184525267927,0.0;0.0;0.0;0.0;0.0;0.0;0.0;1.0;0.0;0.0;0.0,0.004630283597239289;0.0013685525665081673;0.005509671725511244;0.007308390816928583;0.006637778626281689;0.004651477048905688;0.0032276077238667716;0.8474814493384504;0.004797141220516315;0.005793218772638022;0.007375199532858834,CMAESOptimizerImpl,8251,DeltaE2000,SparsityPenalty,ProportionsNormalizer,Uniform
62.69627179901798;20.90085576868844;-51.83520868961304,62.69627179901798;20.90085576868844;-51.83520868961304,0.0;0.0;0.0;0.5;0.0;0.0;0.0;0.5;0.0;0.0;0.0,0.00583268704405274;4.15991463177624E-6;0.01078213463094211;0.9103427850132781;0.00892309737626504;0.010381839905662063;0.010152068485665565;0.9090989203113246;0.01452039299057534;0.01601063997453262;0.018100179241123796,CMAESOptimizerImpl,5556,DeltaE2000,SparsityPenalty,ProportionsNormalizer,Uniform
32.112010421859175;55.57715769733368;-81.89570995877071,31.824067906870425;48.72249276063237;-73.01009636015755,0.0;0.0;0.0;1.0;0.0;0.0;0.0;0.0;0.0;0.0;0.0,0.004339679631311176;0.0032992836257554185;0.005629431334020833;0.9951088312423424;0.1940559822439561;0.002286279773716293;0.007864687782553078;0.20983916388936474;0.499958255970619;0.0077003497190776884;0.0017419271435926463,CMAESOptimizerImpl,7261,DeltaE2000,SparsityPenalty,ProportionsNormalizer,Uniform
16.24447400883688;44.35786734366931;-64.94072656183228,16.24447400883688;44.35786734366931;-64.94072656183228,0.0;0.0;0.0;0.0;0.0;0.0;0.0;0.0;1.0;0.0;0.0,5.64266615280677E-4;0.0024006328146588146;0.002535002516723757;0.005094842419966678;0.004768687297841374;0.0042563917927881945;0.005087801838090643;7.899405654593762E-5;0.9597717315713897;0.001395683186527193;0.0016871343816780115,CMAESOptimizerImpl,8306,DeltaE2000,SparsityPenalty,ProportionsNormalizer,Uniform
25.18524848110855;51.54748676970913;-76.96435292963555,25.18524848110855;51.54748676970913;-76.96435292963555,0.0;0.0;0.0;0.5;0.0;0.0;0.0;0.0;0.5;0.0;0.0,0.012547512306413825;0.003210370772542161;0.016428688395632038;0.8627545980585327;0.017127255206531706;0.01392654306001518;0.007029484726960325;0.009208487124364348;0.8478165194164217;0.011028462780437977;0.010501211114708385,CMAESOptimizerImpl,4786,DeltaE2000,SparsityPenalty,ProportionsNormalizer,Uniform
32.112010421859175;55.57715769733368;-81.89570995877071,31.824067906870425;48.72249276063237;-73.01009636015755,0.0;0.0;0.0;1.0;0.0;0.0;0.0;0.0;0.0;0.0;0.0,0.0038177323390863305;0.009023589770734293;0.004505202633480166;0.9409288439838697;0.18336267335811993;0.003536887232047641;0.006155598541428391;0.19891760800077643;0.47658752892513523;0.0038800630558243846;0.0021672889320907677,CMAESOptimizerImpl,8416,DeltaE2000,SparsityPenalty,ProportionsNormalizer,Uniform
0.0;0.0;0.0,0.0;0.0;0.0,0.0;0.0;0.0;0.0;0.0;0.0;0.0;0.0;0.0;1.0;0.0,0.005359915534886494;0.007354083682143598;0.004737664252209358;4.174680233086023E-5;0.009883496931193395;0.009372783664033843;0.0076264929524978604;0.007692758706022068;0.0014964508161912158;0.959084646126112;0.004280180598043003,CMAESOptimizerImpl,7206,DeltaE2000,SparsityPenalty,ProportionsNormalizer,Uniform
14.748628160328852;23.83580831796614;-37.53158008662509,14.840518875412553;24.02000981131211;-37.377689385267544,0.0;0.0;0.0;0.5;0.0;0.0;0.0;0.0;0.0;0.5;0.0,0.02019497728373313;0.011475236167484528;0.023555813692822853;0.39742808705586496;0.8320129313977747;0.004897278789809509;0.0013616442844411325;0.020305729467190774;0.7425446060698917;0.9713989091823482;0.8784941251967016,CMAESOptimizerImpl,5721,DeltaE2000,SparsityPenalty,ProportionsNormalizer,Uniform
32.112010421859175;55.57715769733368;-81.89570995877071,31.87541073710222;47.12766950446762;-72.93680238440312,0.0;0.0;0.0;1.0;0.0;0.0;0.0;0.0;0.0;0.0;0.0,0.003698203670195607;0.005148580467325039;0.005696877684866867;1.0;0.2596506832224605;0.01593205553255768;0.012539734722920958;0.34430843918085985;0.9125527042842054;0.008276059338038617;0.017935911443465367,CMAESOptimizerImpl,6051,DeltaE2000,SparsityPenalty,ProportionsNormalizer,Uniform
19.312936634389438;-0.41324827279839993;-24.88657164896193,19.917553701365804;-0.11564648266845778;-23.23822845108221,0.0;0.0;0.0;0.0;0.0;0.0;0.0;0.0;0.0;0.0;1.0,0.006078832947386688;0.018252748358754102;0.007760844096221079;0.2640418961410076;0.00467788105407784;0.4747066193083878;0.0075679624286923985;0.009069027357911546;0.29585749233282793;0.527809432783962;0.9632124548857283,CMAESOptimizerImpl,5446,DeltaE2000,SparsityPenalty,ProportionsNormalizer,Uniform
27.489191565344967;28.08162586143573;-57.47075830565033,27.489191565344967;28.08162586143573;-57.47075830565033,0.0;0.0;0.0;0.5;0.0;0.0;0.0;0.0;0.0;0.0;0.5,0.00793266130779723;9.97591159523985E-4;0.00366483275721693;0.9477992813467329;0.01602592556884123;0.01899005030578961;0.01268001122664513;0.005725000320397376;0.017406994528269864;0.016404347951012387;0.9416873568491829,CMAESOptimizerImpl,4731,DeltaE2000,SparsityPenalty,ProportionsNormalizer,Uniform
32.112010421859175;55.57715769733368;-81.89570995877071,31.824067906870425;48.72249276063237;-73.01009636015755,0.0;0.0;0.0;1.0;0.0;0.0;0.0;0.0;0.0;0.0;0.0,0.0018338500756544297;0.002511616175973484;0.003300901024069854;0.9904267843176491;0.19425888575112088;0.010027482962018056;0.0054474656385984505;0.2132438010570317;0.5034695553849288;0.0011626086130335604;0.0053180515246522035,CMAESOptimizerImpl,8911,DeltaE2000,SparsityPenalty,ProportionsNormalizer,Uniform
45.83013734686718;20.028389728642402;46.87686885739514,45.83611710349972;20.061257276790144;46.49263756618291,0.0;0.0;0.0;0.0;0.0;1.0;0.0;0.0;0.0;0.0;0.0,0.9607774865072678;0.7197935052235125;0.017386640587643148;0.02044193998903388;0.6830281017939229;0.8831179170579548;0.914330085909515;0.02908968270014292;0.040722640847788226;0.031942977755934604;0.6115559766368627,CMAESOptimizerImpl,5391,DeltaE2000,SparsityPenalty,ProportionsNormalizer,Uniform
42.90488439894299;42.68470527033335;44.11158807563946,42.89782305057957;42.65646575365351;44.56313901817247,0.0;0.0;0.0;0.0;0.5;0.5;0.0;0.0;0.0;0.0;0.0,0.0072610355939929415;0.9873975239602546;6.27606223484057E-5;0.00719047671724312;0.7473057763768772;0.5497847661054371;0.39571312695471067;0.01824545283541058;0.003068940143489918;0.3571194101027574;0.013225994315063678,CMAESOptimizerImpl,4731,DeltaE2000,SparsityPenalty,ProportionsNormalizer,Uniform
40.362733626571746;54.79863856636899;33.349081115326264,40.84811118226218;52.3102256371657;36.128954207711374,0.0;0.0;0.0;0.0;1.0;0.0;0.0;0.0;0.0;0.0;0.0,0.005601520979666544;0.7999614535439566;0.008495425465393022;0.007553013868857385;0.8889340955407764;0.011785175674526763;0.014005688133026894;0.013043633229250591;0.00880395515059777;0.2029654394338929;0.007442975874430532,CMAESOptimizerImpl,5556,DeltaE2000,SparsityPenalty,ProportionsNormalizer,Uniform
67.64497183318726;41.34904304583387;74.38042449068686,67.64497183318726;41.34904304583387;74.38042449068686,0.0;0.0;0.0;0.0;0.0;0.0;1.0;0.0;0.0;0.0;0.0,0.00619428044103736;0.0028528726484048435;0.007304690231830262;0.005986747172344235;0.0016228933106299868;0.007454434197341305;0.9876140971357704;0.0029758157717299023;0.006229143405693893;0.004736137576239668;8.921392148911601E-5,CMAESOptimizerImpl,6601,DeltaE2000,SparsityPenalty,ProportionsNormalizer,Uniform
52.172817814275476;54.55700482417547;57.915500083406755,52.49349731600654;52.3553944856372;54.78692870894425,0.0;0.0;0.0;0.0;0.5;0.0;0.5;0.0;0.0;0.0;0.0,0.780243035312496;0.734685141709072;0.026880417625932778;0.0017653792533664928;0.9068030504656899;0.0034317438066032257;0.34923535580082654;0.017036925751890922;0.0023113384025521683;0.016267035008258622;0.015382345421701424,CMAESOptimizerImpl,4731,DeltaE2000,SparsityPenalty,ProportionsNormalizer,Uniform
40.362733626571746;54.79863856636899;33.349081115326264,41.25558086665274;50.176122879771775;31.263028831001762,0.0;0.0;0.0;0.0;1.0;0.0;0.0;0.0;0.0;0.0;0.0,0.01317677593746091;0.391132216071088;0.0024515739539354093;0.0018467205303557997;0.9761132253491083;0.0036246248463709992;0.27656576772444313;0.236924744551366;0.0013607080278445066;0.4501711437731979;0.005399193444026398,CMAESOptimizerImpl,7701,DeltaE2000,SparsityPenalty,ProportionsNormalizer,Uniform
100.0;0.00526049995830391;-0.010408184525267927,100.0;0.00526049995830391;-0.010408184525267927,0.0;0.0;0.0;0.0;0.0;0.0;0.0;1.0;0.0;0.0;0.0,0.0011847013811864544;0.0015884893238901263;0.0053207897469885745;0.005291245461483367;0.004031856791091001;0.006634105028485384;0.00848479992468096;0.9515969804812244;0.008832859605326017;0.004039868572579276;0.007263411542773957,CMAESOptimizerImpl,5006,DeltaE2000,SparsityPenalty,ProportionsNormalizer,Uniform
62.85707620390839;47.54944209068979;1.024975710165088,62.85707620390839;47.54944209068979;1.024975710165088,0.0;0.0;0.0;0.0;0.5;0.0;0.0;0.5;0.0;0.0;0.0,0.013152657659819923;0.012090380997692687;0.010918625053503866;0.0071374757501522544;0.9433226760749975;0.014734510484754198;0.013506186118318506;0.9466235908494948;0.004124435371237043;0.016077474147755226;0.011814131762986561,CMAESOptimizerImpl,5941,DeltaE2000,SparsityPenalty,ProportionsNormalizer,Uniform
40.362733626571746;54.79863856636899;33.349081115326264,39.2962057042505;51.422978415698765;34.69661717528848,0.0;0.0;0.0;0.0;1.0;0.0;0.0;0.0;0.0;0.0;0.0,0.004507386738422817;0.5318439488289555;0.0072443925626642855;0.010751046874018066;0.9798022401277057;0.00443971547167768;0.01079049034406736;0.0100659219512383;0.014375562294376917;0.1871090396482112;0.008945080618820033,CMAESOptimizerImpl,5446,DeltaE2000,SparsityPenalty,ProportionsNormalizer,Uniform
16.24447400883688;44.35786734366931;-64.94072656183228,17.00761640577656;41.215693112707676;-61.13451344818507,0.0;0.0;0.0;0.0;0.0;0.0;0.0;0.0;1.0;0.0;0.0,0.007040279051715642;0.0021546337675366883;0.0011990911220248004;0.5447638407063322;0.2718643398841705;0.01024017563477912;0.010227152857264636;0.0019523550613908393;0.9623610649670316;0.5470140928661696;0.003951777348251541,CMAESOptimizerImpl,5776,DeltaE2000,SparsityPenalty,ProportionsNormalizer,Uniform
19.63152098571844;35.31819819934404;-34.704476368525484,19.63152098571844;35.31819819934404;-34.704476368525484,0.0;0.0;0.0;0.0;0.5;0.0;0.0;0.0;0.5;0.0;0.0,0.029939426376547812;1.2683883385207983E-4;0.024329287316915256;0.8670168769697388;0.968810859459127;0.02539073427181742;0.017015608954778293;0.005682918540795078;0.5789656253622302;0.5466261240044198;0.012403086318858527,CMAESOptimizerImpl,4126,DeltaE2000,SparsityPenalty,ProportionsNormalizer,Uniform
40.362733626571746;54.79863856636899;33.349081115326264,40.84811118226218;52.3102256371657;36.128954207711374,0.0;0.0;0.0;0.0;1.0;0.0;0.0;0.0;0.0;0.0;0.0,0.0047083368801183745;0.9101980032914287;0.006480204566916345;0.008858106332565263;1.0;0.018459263059002494;0.008070235744959605;0.0;0.0;0.22671741522199643;0.002507121101967138,CMAESOptimizerImpl,5391,DeltaE2000,SparsityPenalty,ProportionsNormalizer,Uniform
0.0;0.0;0.0,0.0;0.0;0.0,0.0;0.0;0.0;0.0;0.0;0.0;0.0;0.0;0.0;1.0;0.0,0.002196217408535264;0.0071164253506079194;0.005790396927874362;0.0018719298221955563;0.006555548302799073;0.008740661775633424;0.008497851497666842;0.0017528368845787907;0.0036095106908247505;0.9796616964031785;0.007627915523262755,CMAESOptimizerImpl,7536,DeltaE2000,SparsityPenalty,ProportionsNormalizer,Uniform
19.185736293153013;30.04039103663747;18.67403157743212,21.975445172126264;27.243005649454282;16.217811582540214,0.0;0.0;0.0;0.0;0.5;0.0;0.0;0.0;0.0;0.5;0.0,0.005209723499555538;0.3675653169210432;0.0012311083436035049;0.0018376145262157756;0.7138008555011889;0.3618601004273874;0.0048975682179125506;0.005565108714641337;0.2737277113557836;0.9912109954084825;4.6369362358074026E-4,CMAESOptimizerImpl,5721,DeltaE2000,SparsityPenalty,ProportionsNormalizer,Uniform
40.362733626571746;54.79863856636899;33.349081115326264,40.71094123628362;49.233670286693645;29.89198920067515,0.0;0.0;0.0;0.0;1.0;0.0;0.0;0.0;0.0;0.0;0.0,0.002440785493080998;0.34960167614493065;0.0014019222077192963;0.1653602814440713;0.9434227593218946;0.16518189775417452;0.006977727299137284;0.00982098811896321;0.0;0.0;0.006048079781528018,CMAESOptimizerImpl,5666,DeltaE2000,SparsityPenalty,ProportionsNormalizer,Uniform
19.312936634389438;-0.41324827279839993;-24.88657164896193,19.312936634389438;-0.41324827279839993;-24.88657164896193,0.0;0.0;0.0;0.0;0.0;0.0;0.0;0.0;0.0;0.0;1.0,0.0016237303347012664;0.005790705015914627;0.007410865689528692;0.0013605829151092656;4.8702222517066395E-4;0.0015794298617180208;0.007989457489651177;0.006190929790902762;0.0018560832730955736;0.002126634536448322;0.941961212469506,CMAESOptimizerImpl,10001,DeltaE2000,SparsityPenalty,ProportionsNormalizer,Uniform
22.179831646056762;22.67529218996378;-20.68514631933057,22.179831646056762;22.67529218996378;-20.68514631933057,0.0;0.0;0.0;0.0;0.5;0.0;0.0;0.0;0.0;0.0;0.5,0.03258033258196442;0.9798927856450302;0.008430967572930421;0.6220538001165269;0.636030944915248;0.018114107373133348;0.010257771103107317;0.005265488844623096;0.5959107751172729;0.6023885182327428;0.7916013472466427,CMAESOptimizerImpl,3851,DeltaE2000,SparsityPenalty,ProportionsNormalizer,Uniform
40.362733626571746;54.79863856636899;33.349081115326264,41.352995173790234;47.1104244359126;27.621879794211157,0.0;0.0;0.0;0.0;1.0;0.0;0.0;0.0;0.0;0.0;0.0,0.002283643996518866;0.8650260772198395;0.004586795671042206;0.009889313329485963;0.974586526125145;0.30224886347196933;0.006527409805763421;0.3033410834192998;0.004546907794187443;0.5351511900135554;7.874776417131032E-4,CMAESOptimizerImpl,6821,DeltaE2000,SparsityPenalty,ProportionsNormalizer,Uniform
67.64497183318726;41.34904304583387;74.38042449068686,67.64497183318726;41.34904304583387;74.38042449068686,0.0;0.0;0.0;0.0;0.0;0.0;1.0;0.0;0.0;0.0;0.0,0.0076604008443013506;0.008317211527802237;0.0011775847013749913;0.008864230748376008;0.004311728054889895;0.006362386734976631;0.9645058973952643;0.004560605280833088;0.0020682609423173515;0.0069264743802098135;0.006889350181901176,CMAESOptimizerImpl,9791,DeltaE2000,SparsityPenalty,ProportionsNormalizer,Uniform
55.55180224038958;30.075048927099836;59.980976403364004,55.89664223330409;28.803999562222682;57.05851020750362,0.0;0.0;0.0;0.0;0.0;0.5;0.5;0.0;0.0;0.0;0.0,0.9670239563552909;0.009503938342721986;0.24061110322269355;0.009689260053283258;0.49727755116459743;0.5792232030967834;0.009298588847721355;0.011922316040208058;0.001376180921058563;9.270044682160874E-4;0.021841419548036603,CMAESOptimizerImpl,6051,DeltaE2000,SparsityPenalty,ProportionsNormalizer,Uniform
45.83013734686718;20.028389728642402;46.87686885739514,41.715107829540194;9.953355610699932;40.156292063846465,0.0;0.0;0.0;0.0;0.0;1.0;0.0;0.0;0.0;0.0;0.0,0.0263883347654048;0.028308496969359657;0.9577752205648792;0.04281471596812611;0.8420540104029095;0.7484380386572049;0.9873896069309566;0.016676196090105455;0.4144391955062313;0.9774825490118046;0.02842251962321609,CMAESOptimizerImpl,4676,DeltaE2000,SparsityPenalty,ProportionsNormalizer,Uniform
100.0;0.00526049995830391;-0.010408184525267927,100.0;0.00526049995830391;-0.010408184525267927,0.0;0.0;0.0;0.0;0.0;0.0;0.0;1.0;0.0;0.0;0.0,0.004844318621810133;0.009059407924727137;0.002820087351743713;0.005675326048611221;0.005781156411398387;0.002047083289010317;0.0038029473061202117;0.8772434614032008;0.008989698661005888;0.006701605338680098;0.002773059105914413,CMAESOptimizerImpl,8691,DeltaE2000,SparsityPenalty,ProportionsNormalizer,Uniform
72.77907331796466;8.874311319220174;38.03856409867961,72.77907331796466;8.874311319220174;38.03856409867961,0.0;0.0;0.0;0.0;0.0;0.5;0.0;0.5;0.0;0.0;0.0,0.019734261560098897;0.8085408562576021;0.9800106126113655;0.41439762707314753;0.001533005127123121;0.013775443497435222;0.023909259013648616;0.9875814677599929;0.008585352601071001;0.008153466128745204;0.023402369928261495,CMAESOptimizerImpl,5171,DeltaE2000,SparsityPenalty,ProportionsNormalizer,Uniform
45.83013734686718;20.028389728642402;46.87686885739514,45.68101789086945;20.79940179722639;49.89867493422525,0.0;0.0;0.0;0.0;0.0;1.0;0.0;0.0;0.0;0.0;0.0,0.9046993712698979;0.7066687909266876;0.02491692087204578;0.03414537629443422;0.0034943440351564484;0.9698290128101086;0.8101113252679317;0.023625931277277596;0.039090667622473915;0.7261708825962062;0.020010545142850552,CMAESOptimizerImpl,5391,DeltaE2000,SparsityPenalty,ProportionsNormalizer,Uniform
16.24447400883688;44.35786734366931;-64.94072656183228,17.00761640577656;41.215693112707676;-61.13451344818507,0.0;0.0;0.0;0.0;0.0;0.0;0.0;0.0;1.0;0.0;0.0,0.012210599319012336;0.004423267327344977;0.006498562785081059;0.5539529604753317;0.2750301314941301;0.0033251408694173613;0.002596664347576058;8.883551124728019E-4;0.9735238446362746;0.5633546160282212;0.006425064467325539,CMAESOptimizerImpl,6051,DeltaE2000,SparsityPenalty,ProportionsNormalizer,Uniform
25.5495998774661;-7.680764091340358;-1.1226468000285594,25.5495998774661;-7.680764091340358;-1.1226468000285594,0.0;0.0;0.0;0.0;0.0;0.5;0.0;0.0;0.5;0.0;0.0,0.028067678453137054;0.013377982756388247;0.006340116816141562;0.7273980093562996;0.01711120007623869;0.9180268267529206;0.4779985951916465;0.02946034436824236;0.8478041326195905;0.6071546652181505;0.480710424391825,CMAESOptimizerImpl,5171,DeltaE2000,SparsityPenalty,ProportionsNormalizer,Uniform
45.83013734686718;20.028389728642402;46.87686885739514,46.90851691709751;18.31716754681667;41.833511052047825,0.0;0.0;0.0;0.0;0.0;1.0;0.0;0.0;0.0;0.0;0.0,0.5710984281117426;0.9608210494473524;0.03478126792497051;0.817706699548942;0.004969489229567452;0.9643421352492245;0.6295220772810544;0.027665558145778507;0.018113446098410705;0.03901180680266828;0.021762566954689512,CMAESOptimizerImpl,6161,DeltaE2000,SparsityPenalty,ProportionsNormalizer,Uniform
0.0;0.0;0.0,0.0;0.0;0.0,0.0;0.0;0.0;0.0;0.0;0.0;0.0;0.0;0.0;1.0;0.0,0.0030367398252763534;0.0016460198529454559;0.005599572927618797;0.00288313907727776;0.0042541399072295845;7.065769957533354E-4;0.009820293524028117;0.006733028685785111;0.003935012417827924;0.9764139249845405;0.0011485640966709563,CMAESOptimizerImpl,8416,DeltaE2000,SparsityPenalty,ProportionsNormalizer,Uniform
21.796271972797335;2.4220496351362586;26.92372921323498,22.73140202632822;2.593231787502037;24.708522319921038,0.0;0.0;0.0;0.0;0.0;0.5;0.0;0.0;0.0;0.5;0.0,0.001955722819966456;0.011149345297788911;0.0030494478220660544;7.255365262767276E-4;0.22381281477591983;0.0012753743126910373;0.6534424540332435;0.02100259824084584;0.0018400845989712633;0.9969093066603997;0.2285617185686749,CMAESOptimizerImpl,5336,DeltaE2000,SparsityPenalty,ProportionsNormalizer,Uniform
45.83013734686718;20.028389728642402;46.87686885739514,46.36974337752742;19.18562417852693;44.05479811696145,0.0;0.0;0.0;0.0;0.0;1.0;0.0;0.0;0.0;0.0;0.0,0.8520073453775485;0.013206175106737019;0.04172256107010598;0.7525086274647153;0.7660160040368675;0.911134840374372;0.8250851736969487;0.011080955731575942;0.0035442289081701692;0.04070137878359954;0.023527613657497837,CMAESOptimizerImpl,5171,DeltaE2000,SparsityPenalty,ProportionsNormalizer,Uniform
19.312936634389438;-0.41324827279839993;-24.88657164896193,19.917553701365804;-0.11564648266845778;-23.23822845108221,0.0;0.0;0.0;0.0;0.0;0.0;0.0;0.0;0.0;0.0;1.0,0.004639352469879441;0.002551172978065253;0.0018247397986300364;0.2671707444080246;0.015217737323782376;0.4927989464454647;0.017434319107413224;0.0015428169384544216;0.2843646497055001;0.5491939349997942;0.9794440044104104,CMAESOptimizerImpl,5886,DeltaE2000,SparsityPenalty,ProportionsNormalizer,Uniform
29.205055614746946;-18.334466183554998;9.88400318704603,29.205055614746946;-18.334466183554998;9.88400318704603,0.0;0.0;0.0;0.0;0.0;0.5;0.0;0.0;0.0;0.0;0.5,0.916553707989523;0.027348757154008613;0.04432597085922211;0.9461403342076734;0.018848375907994413;0.9663790160370908;0.04751965384691884;0.02988219355552088;0.7479612195125734;0.5299805544009052;0.811208152629758,CMAESOptimizerImpl,6216,DeltaE2000,SparsityPenalty,ProportionsNormalizer,Uniform
45.83013734686718;20.028389728642402;46.87686885739514,45.83013734686718;20.028389728642402;46.87686885739514,0.0;0.0;0.0;0.0;0.0;1.0;0.0;0.0;0.0;0.0;0.0,0.040837482660068265;0.03186855649472413;0.8242689629887824;0.023366105989607075;0.7292222555274758;0.9266733410519442;0.9277107501349219;0.035115954043290855;0.016324912178150408;0.8829652278100114;0.018791800255506832,CMAESOptimizerImpl,4621,DeltaE2000,SparsityPenalty,ProportionsNormalizer,Uniform
100.0;0.00526049995830391;-0.010408184525267927,100.0;0.00526049995830391;-0.010408184525267927,0.0;0.0;0.0;0.0;0.0;0.0;0.0;1.0;0.0;0.0;0.0,0.00861747871597307;0.00812743703124406;0.003931885549755739;0.008074395343454433;0.0061582088473418626;0.009134380035319963;0.0011756477108245409;0.9568405023010235;0.0026331767531274537;0.0024511897333142334;0.005998767303708903,CMAESOptimizerImpl,5886,DeltaE2000,SparsityPenalty,ProportionsNormalizer,Uniform
81.81099720629652;11.29728165605659;64.14777784574517,81.81099720629652;11.29728165605659;64.14777784574517,0.0;0.0;0.0;0.0;0.0;0.0;0.5;0.5;0.0;0.0;0.0,0.012473307498057539;0.001973768479444098;0.006267486961978637;0.015358901001875999;0.005325889252426541;0.00753768657509034;0.8980447156573541;0.897996120707296;0.006084677573782869;0.008034451521126309;0.006383773072848374,CMAESOptimizerImpl,7151,DeltaE2000,SparsityPenalty,ProportionsNormalizer,Uniform
67.64497183318726;41.34904304583387;74.38042449068686,67.3512767349234;38.378588645883674;73.84675410341981,0.0;0.0;0.0;0.0;0.0;0.0;1.0;0.0;0.0;0.0;0.0,0.10484279334768569;0.007847632436745997;0.009848499838765502;0.001142714224976678;0.0029090952408725715;0.005661739281162274;0.9472152245726294;0.007804732412192736;0.007633087702210197;0.0012177461630464544;0.010202578924881167,CMAESOptimizerImpl,8196,DeltaE2000,SparsityPenalty,ProportionsNormalizer,Uniform
16.24447400883688;44.35786734366931;-64.94072656183228,16.24447400883688;44.35786734366931;-64.94072656183228,0.0;0.0;0.0;0.0;0.0;0.0;0.0;0.0;1.0;0.0;0.0,0.004421595209188148;0.003349932195610159;0.002581229217634925;0.009255968478082178;0.09772454829222833;0.0045160489473400805;2.183347259163196E-4;0.003459728248979256;0.986157423340449;0.004149117496007715;0.007390179065042041,CMAESOptimizerImpl,8581,DeltaE2000,SparsityPenalty,ProportionsNormalizer,Uniform
33.27201522216784;-20.441978816364642;22.056323739599137,33.28754986305026;-20.293476918149146;21.497596919656303,0.0;0.0;0.0;0.0;0.0;0.0;0.5;0.0;0.5;0.0;0.0,0.3782880986119669;0.022160314374262236;0.011621668809951134;0.006921926629178373;0.015066790124359658;0.8913809678582729;0.7957981706612417;0.03479415054132074;0.9260252139830648;0.013610917646260686;0.6355938287467026,CMAESOptimizerImpl,5336,DeltaE2000,SparsityPenalty,ProportionsNormalizer,Uniform
67.64497183318726;41.34904304583387;74.38042449068686,67.64497183318726;41.34904304583387;74.38042449068686,0.0;0.0;0.0;0.0;0.0;0.0;1.0;0.0;0.0;0.0;0.0,0.003757989741651773;9.872927988642966E-5;0.0020665005648332815;0.0025208174054350096;0.0010729418454861412;0.002815732335779137;0.9863590836681247;0.0013675409837194774;5.314674672081457E-4;0.008740346789117469;7.45186961915455E-4,CMAESOptimizerImpl,10001,DeltaE2000,SparsityPenalty,ProportionsNormalizer,Uniform
0.0;0.0;0.0,0.0;0.0;0.0,0.0;0.0;0.0;0.0;0.0;0.0;0.0;0.0;0.0;1.0;0.0,0.0014050559510400558;0.0033498124296476505;3.996598994441291E-4;0.005181014252885546;0.0012497035474164622;0.004967377000525987;0.007070714721851159;0.0021815581495838875;0.005056570861216934;0.948805087387763;0.009013464480678385,CMAESOptimizerImpl,5886,DeltaE2000,SparsityPenalty,ProportionsNormalizer,Uniform
29.588608139291352;4.388309510751393;38.903680604984224,29.588608139291352;4.388309510751393;38.903680604984224,0.0;0.0;0.0;0.0;0.0;0.0;0.5;0.0;0.0;0.5;0.0,0.0017760810968656905;0.010363329488181668;0.007973820285664159;0.012309671210117008;0.010744724904265732;0.006110889203235541;0.9756807700843909;0.0010569845777091448;0.009728398383549542;0.986557628315537;0.002326190960053467,CMAESOptimizerImpl,6821,DeltaE2000,SparsityPenalty,ProportionsNormalizer,Uniform
67.64497183318726;41.34904304583387;74.38042449068686,67.64497183318726;41.34904304583387;74.38042449068686,0.0;0.0;0.0;0.0;0.0;0.0;1.0;0.0;0.0;0.0;0.0,0.0039487571588179655;0.0033814344018393344;0.0015757995174280484;0.0037738999978433807;0.002559210452956712;0.007373899768512446;0.98266910885653;0.0028807879021488926;4.887021088071195E-5;0.006564791159624558;7.471976586166382E-4,CMAESOptimizerImpl,9296,DeltaE2000,SparsityPenalty,ProportionsNormalizer,Uniform
19.312936634389438;-0.41324827279839993;-24.88657164896193,19.312936634389438;-0.41324827279839993;-24.88657164896193,0.0;0.0;0.0;0.0;0.0;0.0;0.0;0.0;0.0;0.0;1.0,0.008653393718888857;5.353610583244085E-4;0.00151313694942223;0.0019036060691640963;0.00824914024501454;0.0051382157838739916;6.241403912316804E-4;0.003506282107603398;0.008370871610979358;0.002872488577623918;0.9281691821931891,CMAESOptimizerImpl,9626,DeltaE2000,SparsityPenalty,ProportionsNormalizer,Uniform
36.67038355627773;-28.785396866308155;28.80355344634745,36.67038355627773;-28.785396866308155;28.80355344634745,0.0;0.0;0.0;0.0;0.0;0.0;0.5;0.0;0.0;0.0;0.5,0.9036301523404828;0.024729030704035856;0.01239241368814847;0.023319340455095334;0.024848505304029826;0.03498899500550264;0.9630352321531233;0.012731560108483933;0.8873020032294637;0.007784344129856103;0.7164139624171502,CMAESOptimizerImpl,5556,DeltaE2000,SparsityPenalty,ProportionsNormalizer,Uniform
67.64497183318726;41.34904304583387;74.38042449068686,67.64497183318726;41.34904304583387;74.38042449068686,0.0;0.0;0.0;0.0;0.0;0.0;1.0;0.0;0.0;0.0;0.0,5.748655272481035E-5;0.0053983049046120325;0.00419858094564857;4.0119433149545664E-5;0.0010351714884718538;0.005135392857409068;0.9907583690963081;0.0016354466190165603;0.006927078619481528;0.008244741305977748;0.0012855758902756878,CMAESOptimizerImpl,7921,DeltaE2000,SparsityPenalty,ProportionsNormalizer,Uniform
16.24447400883688;44.35786734366931;-64.94072656183228,17.136176144586898;37.43604573608283;-57.752909933748754,0.0;0.0;0.0;0.0;0.0;0.0;0.0;0.0;1.0;0.0;0.0,0.01729621108928947;0.024258906827114256;0.02462805433518247;0.5521719284359254;0.44183543943762155;0.015305139440332531;0.019613157541637546;0.0020884530543394658;0.9878070937492128;0.5580140701180938;0.5790186776324303,CMAESOptimizerImpl,7096,DeltaE2000,SparsityPenalty,ProportionsNormalizer,Uniform
56.51694249810291;16.876100464424837;-60.20375794489175,56.33962484188356;12.76192050365632;-52.67526129236786,0.0;0.0;0.0;0.0;0.0;0.0;0.0;0.5;0.5;0.0;0.0,0.015713149292357242;0.002329969352746008;0.007111168514755297;0.8948768798858929;0.004850629625521635;0.011893378389632503;0.00865126311235002;0.995238559235236;0.01613341179098805;0.004039378076027591;0.6194226178873187,CMAESOptimizerImpl,5831,DeltaE2000,SparsityPenalty,ProportionsNormalizer,Uniform
100.0;0.00526049995830391;-0.010408184525267927,100.0;0.00526049995830391;-0.010408184525267927,0.0;0.0;0.0;0.0;0.0;0.0;0.0;1.0;0.0;0.0;0.0,0.009530250504239713;0.006799983563930681;3.7940823243645737E-4;0.005403662847273956;5.123778808343569E-4;0.007700118278364693;0.007365155432751751;0.9007756866929598;0.001234560315513328;0.004895067759841912;0.008870837492637222,CMAESOptimizerImpl,7811,DeltaE2000,SparsityPenalty,ProportionsNormalizer,Uniform
0.0;0.0;0.0,0.0;0.0;0.0,0.0;0.0;0.0;0.0;0.0;0.0;0.0;0.0;0.0;1.0;0.0,0.0032373938374301615;0.0012076980801901474;0.0036396485461259696;0.003448859690143605;0.0019844223348545937;0.005489472409966003;0.0028892109144110167;0.0031310433453596493;0.0023796639435750304;0.9380060369105983;0.0028620858940827105,CMAESOptimizerImpl,6876,DeltaE2000,SparsityPenalty,ProportionsNormalizer,Uniform
51.62324272348235;2.139282361418693;-2.326054278720502,51.62324272348235;2.139282361418693;-2.326054278720502,0.0;0.0;0.0;0.0;0.0;0.0;0.0;0.5;0.0;0.5;0.0,0.022076086384694257;0.0027255450902617375;0.015067002656468938;0.7122563268541856;0.0030567898664274964;0.583198645385714;0.0014066556255487193;0.993146164264961;0.006657625977291024;0.5972222677672352;0.006096301281085177,CMAESOptimizerImpl,6216,DeltaE2000,SparsityPenalty,ProportionsNormalizer,Uniform
100.0;0.00526049995830391;-0.010408184525267927,100.0;0.00526049995830391;-0.010408184525267927,0.0;0.0;0.0;0.0;0.0;0.0;0.0;1.0;0.0;0.0;0.0,0.0023287211264007325;0.0028424158715615617;0.003645395755047769;0.0031123721503852116;7.492366999591405E-4;0.007742465161440569;0.002155763662775397;0.913793334499442;0.008505367693983586;0.005478874932852901;0.007584133138851607,CMAESOptimizerImpl,5501,DeltaE2000,SparsityPenalty,ProportionsNormalizer,Uniform
19.312936634389438;-0.41324827279839993;-24.88657164896193,27.19741461159242;-1.5577031568017874;-25.438627951724936,0.0;0.0;0.0;0.0;0.0;0.0;0.0;0.0;0.0;0.0;1.0,0.013878014053187724;0.01875383092318031;0.021566752952788582;0.3991176498056398;0.028376368020761353;0.8052954824011974;0.014383673596190388;0.21935849643539443;0.846953294425374;0.5464363578871807;0.9967895423062964,CMAESOptimizerImpl,4621,DeltaE2000,SparsityPenalty,ProportionsNormalizer,Uniform
64.96781863502338;-10.222935234479591;-34.661833972164516,59.965507446380954;-16.97232166710233;1.6758708391590993,0.0;0.0;0.0;0.0;0.0;0.0;0.0;0.5;0.0;0.0;0.5,0.183624989102358;0.02332266334226748;0.0026356573555969464;0.00983464467394119;0.19216938813114331;4.763081060770013E-4;0.17725787222756018;0.9847979290285285;0.00793509331009453;0.008165168337305937;0.9778503143471817,CMAESOptimizerImpl,4566,DeltaE2000,SparsityPenalty,ProportionsNormalizer,Uniform
100.0;0.00526049995830391;-0.010408184525267927,100.0;0.00526049995830391;-0.010408184525267927,0.0;0.0;0.0;0.0;0.0;0.0;0.0;1.0;0.0;0.0;0.0,0.004877064950029672;0.007932914831194716;0.002138950971347731;0.005914037686625691;0.00644936572541409;0.006080672406017173;6.221614993563427E-4;0.9945032238558759;0.0054846119398570935;0.006278253322074286;0.005282123771929352,CMAESOptimizerImpl,5886,DeltaE2000,SparsityPenalty,ProportionsNormalizer,Uniform
0.0;0.0;0.0,0.0;0.0;0.0,0.0;0.0;0.0;0.0;0.0;0.0;0.0;0.0;0.0;1.0;0.0,0.004613516274887356;0.004274628339155198;4.060134243369575E-4;0.0025059443567202215;0.009183323005039845;0.0037036964202988754;0.006417564380928598;0.00519658653791341;0.008654853702200462;0.8993373741097784;0.0029892149416761243,CMAESOptimizerImpl,7371,DeltaE2000,SparsityPenalty,ProportionsNormalizer,Uniform
4.906454692263875;18.235638480632936;-33.667999991004216,4.906454692263875;18.235638480632936;-33.667999991004216,0.0;0.0;0.0;0.0;0.0;0.0;0.0;0.0;0.5;0.5;0.0,0.0031472360403074066;0.0029144845468841636;2.0152650292644143E-4;0.0035924806048609967;0.0020224245439882426;0.0019386067964034396;0.0029971361545701345;0.0064048616137803585;0.906272597954357;0.9090659110572274;0.005466601172811641,CMAESOptimizerImpl,4841,DeltaE2000,SparsityPenalty,ProportionsNormalizer,Uniform
16.24447400883688;44.35786734366931;-64.94072656183228,17.00761640577656;41.215693112707676;-61.13451344818507,0.0;0.0;0.0;0.0;0.0;0.0;0.0;0.0;1.0;0.0;0.0,0.019128995558502764;0.008175505130843919;0.023214640707290853;0.548820942009351;0.2686625499530244;0.01576835356629755;0.010717096470652217;0.001807013758716961;0.9885804226076985;0.5545538135065634;0.0017554531243598468,CMAESOptimizerImpl,5391,DeltaE2000,SparsityPenalty,ProportionsNormalizer,Uniform
19.312936634389438;-0.41324827279839993;-24.88657164896193,22.371358466918835;-8.815142414899418;-12.031995221434599,0.0;0.0;0.0;0.0;0.0;0.0;0.0;0.0;0.0;0.0;1.0,0.01923078390504663;0.005237468142338102;0.011461746851851038;0.402679312954367;0.02556533892520431;0.6594574329386014;0.28022312061049404;0.009897620570096397;0.5508880274583858;0.7914394209232672;0.9736817031751005,CMAESOptimizerImpl,5556,DeltaE2000,SparsityPenalty,ProportionsNormalizer,Uniform
16.495246213971413;23.324307349137264;-46.614822915313326,16.485101663017666;23.105031286182243;-45.97676698156176,0.0;0.0;0.0;0.0;0.0;0.0;0.0;0.0;0.5;0.0;0.5,0.0072996668282570756;0.0028486867633604283;0.00897047470727872;0.33423144908482183;0.0073482691379402505;0.012531864293746264;0.0;0.003623337157323621;0.5751926958100145;0.33116151708580477;0.9461031539684608,CMAESOptimizerImpl,6491,DeltaE2000,SparsityPenalty,ProportionsNormalizer,Uniform
16.24447400883688;44.35786734366931;-64.94072656183228,16.24447400883688;44.35786734366931;-64.94072656183228,0.0;0.0;0.0;0.0;0.0;0.0;0.0;0.0;1.0;0.0;0.0,6.814443483603196E-4;0.0029863048995864587;0.00336204523170281;0.002003301413051607;0.003757636648038896;3.7551536724505065E-4;0.008658893283992445;0.0016738636468576437;0.9439793725417942;6.892298236108861E-4;0.007301962207810021,CMAESOptimizerImpl,8416,DeltaE2000,SparsityPenalty,ProportionsNormalizer,Uniform
19.312936634389438;-0.41324827279839993;-24.88657164896193,27.32791407787056;-13.150555868375296;-13.006561514898307,0.0;0.0;0.0;0.0;0.0;0.0;0.0;0.0;0.0;0.0;1.0,0.027091474110611725;8.483759150770803E-4;0.35035276276106775;0.48787346356142675;0.00603637631505359;0.00352862658512719;0.5273147076927437;0.012553114558432036;0.9654075865046969;0.8397285733984962;0.7732884229492297,CMAESOptimizerImpl,5996,DeltaE2000,SparsityPenalty,ProportionsNormalizer,Uniform
6.89465064981426;1.4373563661184279;-18.044271874060975,8.474456310365301;1.6722749600253244;-16.985035551565673,0.0;0.0;0.0;0.0;0.0;0.0;0.0;0.0;0.0;0.5;0.5,0.007070332988380122;0.012342766336208547;0.007544845794935346;0.001941786442573941;0.017310701848906648;0.31964763642741345;0.01804194458001149;0.006454357372297005;0.5989607714287951;0.9149991157126911;0.008793940352391168,CMAESOptimizerImpl,5611,DeltaE2000,SparsityPenalty,ProportionsNormalizer,Uniform
0.0;0.0;0.0,18.04636256430308;0.5539690276507581;-2.736769699660546,0.0;0.0;0.0;0.0;0.0;0.0;0.0;0.0;0.0;1.0;0.0,0.7107744500182415;0.03170996462651157;0.02656884687260826;0.020733926849032636;0.9072871793137074;0.001623768026340235;0.006887551340963079;0.03212654146981421;0.939003153638037;0.9030387189315876;0.7340104949682856,CMAESOptimizerImpl,5336,DeltaE2000,SparsityPenalty,ProportionsNormalizer,Uniform
